channel,azimuth_offset,elevation,min_range,max_instrumented,range_at_10pct,effective_range_at_10pct,near_field,high_res,far_field_enhanced
1,3.257,14.436,0.3,100.0,100.0,100.0,True,False,False
2,3.263,13.535,2.7,100.0,100.0,100.0,False,False,False
3,1.091,13.082,0.3,100.0,100.0,100.0,True,False,False
4,3.268,12.624,2.7,100.0,100.0,100.0,False,False,False
5,1.093,12.165,2.7,100.0,100.0,100.0,False,False,False
6,3.273,11.702,0.3,100.0,120.0,100.0,True,False,False
7,1.094,11.239,2.7,100.0,120.0,100.0,False,False,False
8,3.278,10.771,2.7,100.0,140.0,100.0,False,False,False
9,1.095,10.305,0.3,100.0,140.0,100.0,True,False,False
10,3.283,9.83,2.7,100.0,140.0,100.0,False,False,False
11,1.096,9.356,2.7,100.0,140.0,100.0,False,False,False
12,3.288,8.88,0.3,100.0,140.0,100.0,True,False,False
13,1.097,8.401,2.7,100.0,140.0,100.0,False,False,False
14,3.291,7.921,2.7,100.0,140.0,100.0,False,False,False
15,1.098,7.438,0.3,100.0,140.0,100.0,True,False,False
16,-1.101,6.953,2.7,100.0,140.0,100.0,False,False,False
17,1.1,6.467,2.7,100.0,140.0,100.0,False,False,False
18,-1.104,5.978,0.3,100.0,140.0,100.0,True,False,False
19,-3.306,5.487,2.7,100.0,140.0,100.0,False,False,False
20,-1.106,4.996,2.7,100.0,140.0,100.0,False,False,False
21,-3.311,4.501,0.3,100.0,140.0,100.0,True,False,False
22,-1.109,4.007,2.7,100.0,140.0,100.0,False,False,False
23,-3.318,3.509,2.7,100.0,140.0,100.0,False,False,False
24,-1.111,3.013,0.3,100.0,140.0,100.0,True,False,False
25,-3.324,2.512,2.7,100.0,140.0,100.0,False,False,False
26,-1.113,2.013,0.3,200.0,140.0,140.0,True,True,False
27,7.72,1.885,2.7,200.0,140.0,140.0,False,True,False
28,5.535,1.761,2.7,200.0,140.0,140.0,False,True,False
29,3.325,1.637,2.7,200.0,140.0,140.0,False,True,False
30,-3.33,1.511,2.7,200.0,140.0,140.0,False,True,False
31,1.107,1.386,2.7,200.0,140.0,140.0,False,True,False
32,-5.538,1.258,2.7,200.0,140.0,140.0,False,True,False
33,-7.726,1.13,0.3,200.0,140.0,140.0,True,True,False
34,-1.115,1.008,2.7,200.0,200.0,200.0,False,True,True
35,7.731,0.88,2.7,200.0,200.0,200.0,False,True,True
36,5.543,0.756,2.7,200.0,200.0,200.0,False,True,True
37,3.329,0.63,2.7,200.0,200.0,200.0,False,True,True
38,-3.336,0.505,2.7,200.0,200.0,200.0,False,True,True
39,1.108,0.379,2.7,200.0,200.0,200.0,False,True,True
40,-5.547,0.251,0.3,200.0,200.0,200.0,True,True,True
41,-7.738,0.124,2.7,200.0,200.0,200.0,False,True,True
42,-1.117,0.0,2.7,200.0,200.0,200.0,False,True,True
43,7.743,-0.129,2.7,200.0,200.0,200.0,False,True,True
44,5.551,-0.254,2.7,200.0,200.0,200.0,False,True,True
45,3.335,-0.38,2.7,200.0,200.0,200.0,False,True,True
46,-3.342,-0.506,2.7,200.0,200.0,200.0,False,True,True
47,1.11,-0.632,0.3,200.0,200.0,200.0,True,True,True
48,-5.555,-0.76,2.7,200.0,200.0,200.0,False,True,True
49,-7.75,-0.887,2.7,200.0,200.0,200.0,False,True,True
50,-1.119,-1.012,2.7,200.0,200.0,200.0,False,True,True
51,7.757,-1.141,2.7,200.0,200.0,200.0,False,True,True
52,5.56,-1.266,2.7,200.0,200.0,200.0,False,True,True
53,3.34,-1.393,2.7,200.0,200.0,200.0,False,True,True
54,-3.347,-1.519,0.3,200.0,200.0,200.0,True,True,True
55,1.111,-1.646,2.7,200.0,200.0,200.0,False,True,True
56,-5.564,-1.773,2.7,200.0,200.0,200.0,False,True,True
57,-7.762,-1.901,2.7,200.0,200.0,200.0,False,True,True
58,-1.121,-2.027,2.7,200.0,200.0,200.0,False,True,True
59,7.768,-2.155,2.7,200.0,200.0,200.0,False,True,True
60,5.569,-2.282,2.7,200.0,200.0,200.0,False,True,True
61,3.345,-2.409,0.3,200.0,200.0,200.0,True,True,True
62,-3.353,-2.535,2.7,200.0,200.0,200.0,False,True,True
63,1.113,-2.663,2.7,200.0,200.0,200.0,False,True,True
64,-5.573,-2.789,2.7,200.0,200.0,200.0,False,True,True
65,-7.775,-2.916,2.7,200.0,200.0,200.0,False,True,True
66,-1.123,-3.044,2.7,200.0,140.0,140.0,False,True,False
67,7.78,-3.172,2.7,200.0,140.0,140.0,False,True,False
68,5.578,-3.299,0.3,200.0,140.0,140.0,True,True,False
69,3.351,-3.425,2.7,200.0,140.0,140.0,False,True,False
70,-3.358,-3.552,2.7,200.0,140.0,140.0,False,True,False
71,1.115,-3.68,2.7,200.0,140.0,140.0,False,True,False
72,-5.582,-3.806,2.7,200.0,140.0,140.0,False,True,False
73,-7.787,-3.933,2.7,200.0,140.0,140.0,False,True,False
74,-1.125,-4.062,2.7,200.0,140.0,140.0,False,True,False
75,7.792,-4.19,0.3,200.0,140.0,140.0,True,True,False
76,5.586,-4.318,2.7,200.0,140.0,140.0,False,True,False
77,3.356,-4.444,2.7,200.0,140.0,140.0,False,True,False
78,-3.363,-4.571,2.7,200.0,140.0,140.0,False,True,False
79,1.116,-4.699,2.7,200.0,140.0,140.0,False,True,False
80,-5.591,-4.824,2.7,200.0,140.0,140.0,False,True,False
81,-7.799,-4.951,2.7,200.0,140.0,140.0,False,True,False
82,-1.127,-5.081,0.3,200.0,140.0,140.0,True,True,False
83,7.804,-5.209,2.7,200.0,140.0,140.0,False,True,False
84,5.595,-5.336,2.7,200.0,140.0,140.0,False,True,False
85,3.36,-5.463,2.7,200.0,140.0,140.0,False,True,False
86,-3.369,-5.589,2.7,200.0,140.0,140.0,False,True,False
87,1.118,-5.718,2.7,200.0,140.0,140.0,False,True,False
88,-5.599,-5.843,2.7,200.0,140.0,140.0,False,True,False
89,-7.811,-5.968,2.7,200.0,140.0,140.0,False,True,False
90,-1.129,-6.1,0.3,100.0,140.0,100.0,True,True,False
91,-3.374,-6.607,2.7,100.0,140.0,100.0,False,False,False
92,-1.13,-7.117,2.7,100.0,140.0,100.0,False,False,False
93,-3.379,-7.624,0.3,100.0,140.0,100.0,True,False,False
94,-1.132,-8.134,2.7,100.0,140.0,100.0,False,False,False
95,-3.383,-8.64,2.7,100.0,140.0,100.0,False,False,False
96,3.381,-9.149,0.3,100.0,140.0,100.0,True,False,False
97,-3.388,-9.652,2.7,100.0,140.0,100.0,False,False,False
98,3.386,-10.16,2.7,100.0,100.0,100.0,False,False,False
99,1.129,-10.665,0.3,100.0,100.0,100.0,True,False,False
100,3.39,-11.17,2.7,100.0,100.0,100.0,False,False,False
101,1.129,-11.672,2.7,100.0,100.0,100.0,False,False,False
102,3.395,-12.174,0.3,100.0,100.0,100.0,True,False,False
103,1.131,-12.673,2.7,100.0,100.0,100.0,False,False,False
104,3.401,-13.173,2.7,100.0,100.0,100.0,False,False,False
105,1.133,-13.67,0.3,100.0,100.0,100.0,True,False,False
106,3.406,-14.166,2.7,100.0,50.0,50.0,False,False,False
107,1.135,-14.66,2.7,100.0,50.0,50.0,False,False,False
108,3.41,-15.154,0.3,100.0,50.0,50.0,True,False,False
109,1.137,-15.645,2.7,100.0,50.0,50.0,False,False,False
110,3.416,-16.135,2.7,100.0,50.0,50.0,False,False,False
111,1.139,-16.622,0.3,100.0,50.0,50.0,True,False,False
112,-1.142,-17.106,2.7,100.0,50.0,50.0,False,False,False
113,1.142,-17.592,2.7,100.0,50.0,50.0,False,False,False
114,-1.143,-18.072,0.3,100.0,50.0,50.0,True,False,False
115,-3.426,-18.548,2.7,100.0,50.0,50.0,False,False,False
116,-1.143,-19.03,2.7,100.0,25.0,25.0,False,False,False
117,-3.429,-19.501,0.3,100.0,25.0,25.0,True,False,False
118,-1.145,-19.978,2.7,100.0,25.0,25.0,False,False,False
119,-3.433,-20.445,2.7,100.0,25.0,25.0,False,False,False
120,-1.145,-20.918,0.3,100.0,25.0,25.0,True,False,False
121,-3.436,-21.379,2.7,100.0,25.0,25.0,False,False,False
122,-1.146,-21.848,2.7,100.0,25.0,25.0,False,False,False
123,-3.44,-22.304,0.3,100.0,25.0,25.0,True,False,False
124,-1.146,-22.768,2.7,100.0,25.0,25.0,False,False,False
125,-3.443,-23.219,2.7,100.0,25.0,25.0,False,False,False
126,-1.146,-23.678,0.3,100.0,25.0,25.0,True,False,False
127,-3.446,-24.123,2.7,100.0,25.0,25.0,False,False,False
128,-3.449,-25.016,0.3,100.0,25.0,25.0,True,False,False
